id,task,framework,constraint,fold,type,result,metric,mode,version,params,app+AF8-version,utc,duration,training+AF8-duration,predict+AF8-duration,models+AF8-count,seed,info,acc,auc,balacc,logloss
openml.org/t/3828,zoo,constantpredictor,test,0,binary,0.545455,acc,local,1.2.2,,2.1.4,2024+AC0-04+AC0-06T21:28:43,0.1,0.0005,9E+AC0-05,1,1924228311,,0.545455,0.5,0.5,0.695128
openml.org/t/3828,zoo,constantpredictor,test,1,binary,0.6,acc,local,1.2.2,,2.1.4,2024+AC0-04+AC0-06T21:28:43,0.02,0.0002,5E+AC0-05,1,1924228312,,0.6,0.5,0.5,0.673102
openml.org/t/3828,zoo,constantpredictor,test,2,binary,0.6,acc,local,1.2.2,,2.1.4,2024+AC0-04+AC0-06T21:28:43,0.02,0.0002,5E+AC0-05,1,1924228313,,0.6,0.5,0.5,0.673102
openml.org/t/3828,zoo,constantpredictor,test,3,binary,0.6,acc,local,1.2.2,,2.1.4,2024+AC0-04+AC0-06T21:28:43,0.02,0.0002,5E+AC0-05,1,1924228314,,0.6,0.5,0.5,0.673102
openml.org/t/3828,zoo,constantpredictor,test,4,binary,0.6,acc,local,1.2.2,,2.1.4,2024+AC0-04+AC0-06T21:28:44,0.02,0.0002,5E+AC0-05,1,1924228315,,0.6,0.5,0.5,0.673102
openml.org/t/3828,zoo,constantpredictor,test,5,binary,0.6,acc,local,1.2.2,,2.1.4,2024+AC0-04+AC0-06T21:28:44,0.02,0.0002,6E+AC0-05,1,1924228316,,0.6,0.5,0.5,0.673102
openml.org/t/3828,zoo,constantpredictor,test,6,binary,0.6,acc,local,1.2.2,,2.1.4,2024+AC0-04+AC0-06T21:28:44,0.02,0.0002,5E+AC0-05,1,1924228317,,0.6,0.5,0.5,0.673102
openml.org/t/3828,zoo,constantpredictor,test,7,binary,0.6,acc,local,1.2.2,,2.1.4,2024+AC0-04+AC0-06T21:28:44,0.02,0.0002,5E+AC0-05,1,1924228318,,0.6,0.5,0.5,0.673102
openml.org/t/3828,zoo,constantpredictor,test,8,binary,0.6,acc,local,1.2.2,,2.1.4,2024+AC0-04+AC0-06T21:28:44,0.02,0.0002,5E+AC0-05,1,1924228319,,0.6,0.5,0.5,0.673102
openml.org/t/3828,zoo,constantpredictor,test,9,binary,0.6,acc,local,1.2.2,,2.1.4,2024+AC0-04+AC0-06T21:28:44,0.02,0.0002,5E+AC0-05,1,1924228320,,0.6,0.5,0.5,0.673102
openml.org/t/9890,poker+AC0-hand,constantpredictor,test,0,multiclass,0.501166,acc,local,1.2.2,,2.1.4,2024+AC0-04+AC0-06T21:28:47,2.5,0.3,0.0004,1,1924228311,,0.501166,,0.111111,0.982164
openml.org/t/9890,poker+AC0-hand,constantpredictor,test,1,multiclass,0.501166,acc,local,1.2.2,,2.1.4,2024+AC0-04+AC0-06T21:28:49,2.4,0.3,0.0004,1,1924228312,,0.501166,,0.1,0.982171
openml.org/t/9890,poker+AC0-hand,constantpredictor,test,2,multiclass,0.501166,acc,local,1.2.2,,2.1.4,2024+AC0-04+AC0-06T21:28:52,2.3,0.3,0.0004,1,1924228313,,0.501166,,0.1,0.982163
openml.org/t/9890,poker+AC0-hand,constantpredictor,test,3,multiclass,0.501166,acc,local,1.2.2,,2.1.4,2024+AC0-04+AC0-06T21:28:55,2.3,0.3,0.0004,1,1924228314,,0.501166,,0.1,0.982163
openml.org/t/9890,poker+AC0-hand,constantpredictor,test,4,multiclass,0.501166,acc,local,1.2.2,,2.1.4,2024+AC0-04+AC0-06T21:28:57,2.4,0.3,0.0004,1,1924228315,,0.501166,,0.1,0.982188
openml.org/t/9890,poker+AC0-hand,constantpredictor,test,5,multiclass,0.501166,acc,local,1.2.2,,2.1.4,2024+AC0-04+AC0-06T21:29:00,2.4,0.3,0.0004,1,1924228316,,0.501166,,0.1,0.982188
openml.org/t/9890,poker+AC0-hand,constantpredictor,test,6,multiclass,0.501166,acc,local,1.2.2,,2.1.4,2024+AC0-04+AC0-06T21:29:03,2.5,0.3,0.0004,1,1924228317,,0.501166,,0.1,0.982188
openml.org/t/9890,poker+AC0-hand,constantpredictor,test,7,multiclass,0.501176,acc,local,1.2.2,,2.1.4,2024+AC0-04+AC0-06T21:29:06,2.5,0.3,0.0004,1,1924228318,,0.501176,,0.1,0.982187
openml.org/t/9890,poker+AC0-hand,constantpredictor,test,8,multiclass,0.501166,acc,local,1.2.2,,2.1.4,2024+AC0-04+AC0-06T21:29:09,3,0.3,0.0004,1,1924228319,,0.501166,,0.1,0.982245
openml.org/t/9890,poker+AC0-hand,constantpredictor,test,9,multiclass,0.501171,acc,local,1.2.2,,2.1.4,2024+AC0-04+AC0-06T21:29:12,2.4,0.3,0.0004,1,1924228320,,0.501171,,0.111111,0.982141
openml.org/t/3506,poker,constantpredictor,test,0,binary,,acc,local,1.2.2,,2.1.4,2024+AC0-04+AC0-06T21:29:16,2.8,0.03,0.0003,1,1924228311,ResultError: y contains previously unseen labels: '0.',,,,
openml.org/t/3506,poker,constantpredictor,test,1,binary,,acc,local,1.2.2,,2.1.4,2024+AC0-04+AC0-06T21:29:19,2.6,0.03,0.0003,1,1924228312,ResultError: y contains previously unseen labels: '0.',,,,
openml.org/t/3506,poker,constantpredictor,test,2,binary,,acc,local,1.2.2,,2.1.4,2024+AC0-04+AC0-06T21:29:22,2.6,0.03,0.0003,1,1924228313,ResultError: y contains previously unseen labels: '0.',,,,
openml.org/t/3506,poker,constantpredictor,test,3,binary,,acc,local,1.2.2,,2.1.4,2024+AC0-04+AC0-06T21:29:25,2.7,0.03,0.0003,1,1924228314,ResultError: y contains previously unseen labels: '0.',,,,
openml.org/t/3506,poker,constantpredictor,test,4,binary,,acc,local,1.2.2,,2.1.4,2024+AC0-04+AC0-06T21:29:28,2.6,0.03,0.0003,1,1924228315,ResultError: y contains previously unseen labels: '0.',,,,
openml.org/t/3506,poker,constantpredictor,test,5,binary,,acc,local,1.2.2,,2.1.4,2024+AC0-04+AC0-06T21:29:31,2.6,0.03,0.0003,1,1924228316,ResultError: y contains previously unseen labels: '0.',,,,
openml.org/t/3506,poker,constantpredictor,test,6,binary,,acc,local,1.2.2,,2.1.4,2024+AC0-04+AC0-06T21:29:34,2.6,0.03,0.0003,1,1924228317,ResultError: y contains previously unseen labels: '0.',,,,
openml.org/t/3506,poker,constantpredictor,test,7,binary,,acc,local,1.2.2,,2.1.4,2024+AC0-04+AC0-06T21:29:37,2.7,0.03,0.0003,1,1924228318,ResultError: y contains previously unseen labels: '0.',,,,
openml.org/t/3506,poker,constantpredictor,test,8,binary,,acc,local,1.2.2,,2.1.4,2024+AC0-04+AC0-06T21:29:40,2.6,0.03,0.0003,1,1924228319,ResultError: y contains previously unseen labels: '0.',,,,
openml.org/t/3506,poker,constantpredictor,test,9,binary,,acc,local,1.2.2,,2.1.4,2024+AC0-04+AC0-06T21:29:43,2.7,0.03,0.0003,1,1924228320,ResultError: y contains previously unseen labels: '0.',,,,
openml.org/t/2373,molecular+AC0-biology+AF8-promoters,constantpredictor,test,0,binary,0.454545,acc,local,1.2.2,,2.1.4,2024+AC0-04+AC0-06T21:38:26,0.05,0.0003,6E+AC0-05,1,1946475593,,0.454545,0.5,0.5,0.69416
openml.org/t/2373,molecular+AC0-biology+AF8-promoters,constantpredictor,test,1,binary,0.454545,acc,local,1.2.2,,2.1.4,2024+AC0-04+AC0-06T21:38:26,0.04,0.0002,4E+AC0-05,1,1946475594,,0.454545,0.5,0.5,0.69416
openml.org/t/2373,molecular+AC0-biology+AF8-promoters,constantpredictor,test,2,binary,0.454545,acc,local,1.2.2,,2.1.4,2024+AC0-04+AC0-06T21:38:26,0.04,0.0002,4E+AC0-05,1,1946475595,,0.454545,0.5,0.5,0.69416
openml.org/t/2373,molecular+AC0-biology+AF8-promoters,constantpredictor,test,3,binary,0.454545,acc,local,1.2.2,,2.1.4,2024+AC0-04+AC0-06T21:38:26,0.04,0.0002,4E+AC0-05,1,1946475596,,0.454545,0.5,0.5,0.69416
openml.org/t/2373,molecular+AC0-biology+AF8-promoters,constantpredictor,test,4,binary,0.454545,acc,local,1.2.2,,2.1.4,2024+AC0-04+AC0-06T21:38:26,0.04,0.0002,4E+AC0-05,1,1946475597,,0.454545,0.5,0.5,0.69416
openml.org/t/2373,molecular+AC0-biology+AF8-promoters,constantpredictor,test,5,binary,0.454545,acc,local,1.2.2,,2.1.4,2024+AC0-04+AC0-06T21:38:27,0.04,0.0002,4E+AC0-05,1,1946475598,,0.454545,0.5,0.5,0.69416
openml.org/t/2373,molecular+AC0-biology+AF8-promoters,constantpredictor,test,6,binary,0.5,acc,local,1.2.2,,2.1.4,2024+AC0-04+AC0-06T21:38:27,0.04,0.0002,4E+AC0-05,1,1946475599,,0.5,0.5,0.5,0.693147
openml.org/t/2373,molecular+AC0-biology+AF8-promoters,constantpredictor,test,7,binary,0.5,acc,local,1.2.2,,2.1.4,2024+AC0-04+AC0-06T21:38:27,0.07,0.0002,4E+AC0-05,1,1946475600,,0.5,0.5,0.5,0.693147
openml.org/t/2373,molecular+AC0-biology+AF8-promoters,constantpredictor,test,8,binary,0.5,acc,local,1.2.2,,2.1.4,2024+AC0-04+AC0-06T21:38:27,0.04,0.0002,4E+AC0-05,1,1946475601,,0.5,0.5,0.5,0.693147
openml.org/t/2373,molecular+AC0-biology+AF8-promoters,constantpredictor,test,9,binary,0.5,acc,local,1.2.2,,2.1.4,2024+AC0-04+AC0-06T21:38:27,0.04,0.0002,4E+AC0-05,1,1946475602,,0.5,0.5,0.5,0.693147
openml.org/t/218,covertype,constantpredictor,test,0,multiclass,0.487608,acc,local,1.2.2,,2.1.4,2024+AC0-04+AC0-07T00:07:52,2,0.2,0.0003,1,663068384,,0.487608,0.142857,1.20514,
openml.org/t/218,covertype,constantpredictor,test,1,multiclass,0.487591,acc,local,1.2.2,,2.1.4,2024+AC0-04+AC0-07T00:07:57,4.1,0.2,0.0002,1,663068385,,0.487591,0.142857,1.20517,
openml.org/t/218,covertype,constantpredictor,test,2,multiclass,0.487599,acc,local,1.2.2,,2.1.4,2024+AC0-04+AC0-07T00:08:00,3.2,0.2,0.0002,1,663068386,,0.487599,0.142857,1.20516,
openml.org/t/218,covertype,constantpredictor,test,3,multiclass,0.487599,acc,local,1.2.2,,2.1.4,2024+AC0-04+AC0-07T00:08:03,2.3,0.2,0.0002,1,663068387,,0.487599,0.142857,1.20516,
openml.org/t/218,covertype,constantpredictor,test,4,multiclass,0.487599,acc,local,1.2.2,,2.1.4,2024+AC0-04+AC0-07T00:08:05,2.2,0.2,0.0002,1,663068388,,0.487599,0.142857,1.20516,
openml.org/t/218,covertype,constantpredictor,test,5,multiclass,0.487599,acc,local,1.2.2,,2.1.4,2024+AC0-04+AC0-07T00:08:08,2.8,0.2,0.0002,1,663068389,,0.487599,0.142857,1.20517,
openml.org/t/218,covertype,constantpredictor,test,6,multiclass,0.487599,acc,local,1.2.2,,2.1.4,2024+AC0-04+AC0-07T00:08:10,2.2,0.2,0.0002,1,663068390,,0.487599,0.142857,1.20517,
openml.org/t/218,covertype,constantpredictor,test,7,multiclass,0.487599,acc,local,1.2.2,,2.1.4,2024+AC0-04+AC0-07T00:08:13,2.3,0.2,0.0002,1,663068391,,0.487599,0.142857,1.20517,
openml.org/t/218,covertype,constantpredictor,test,8,multiclass,0.487599,acc,local,1.2.2,,2.1.4,2024+AC0-04+AC0-07T00:08:16,2.5,0.2,0.0002,1,663068392,,0.487599,0.142857,1.20517,
openml.org/t/218,covertype,constantpredictor,test,9,multiclass,0.487599,acc,local,1.2.2,,2.1.4,2024+AC0-04+AC0-07T00:08:18,2.2,0.2,0.0002,1,663068393,,0.487599,0.142857,1.20515,
openml.org/t/3505,codrna,constantpredictor,test,0,binary,,acc,local,1.2.2,,2.1.4,2024+AC0-04+AC0-07T00:09:06,8.3,0.01,0.0002,1,663068384,ResultError: y contains previously unseen labels: '1.',,,,
openml.org/t/3505,codrna,constantpredictor,test,1,binary,,acc,local,1.2.2,,2.1.4,2024+AC0-04+AC0-07T00:09:07,1,0.01,0.0002,1,663068385,ResultError: y contains previously unseen labels: '1.',,,,
openml.org/t/3505,codrna,constantpredictor,test,2,binary,,acc,local,1.2.2,,2.1.4,2024+AC0-04+AC0-07T00:09:09,1,0.01,0.0002,1,663068386,ResultError: y contains previously unseen labels: '1.',,,,
openml.org/t/3505,codrna,constantpredictor,test,3,binary,,acc,local,1.2.2,,2.1.4,2024+AC0-04+AC0-07T00:09:10,1,0.01,0.0002,1,663068387,ResultError: y contains previously unseen labels: '1.',,,,
openml.org/t/3505,codrna,constantpredictor,test,4,binary,,acc,local,1.2.2,,2.1.4,2024+AC0-04+AC0-07T00:09:11,1,0.01,0.0002,1,663068388,ResultError: y contains previously unseen labels: '1.',,,,
openml.org/t/3505,codrna,constantpredictor,test,5,binary,,acc,local,1.2.2,,2.1.4,2024+AC0-04+AC0-07T00:09:12,1,0.01,0.0002,1,663068389,ResultError: y contains previously unseen labels: '1.',,,,
openml.org/t/3505,codrna,constantpredictor,test,6,binary,,acc,local,1.2.2,,2.1.4,2024+AC0-04+AC0-07T00:09:14,1,0.01,0.0002,1,663068390,ResultError: y contains previously unseen labels: '1.',,,,
openml.org/t/3505,codrna,constantpredictor,test,7,binary,,acc,local,1.2.2,,2.1.4,2024+AC0-04+AC0-07T00:09:15,1,0.01,0.0002,1,663068391,ResultError: y contains previously unseen labels: '1.',,,,
openml.org/t/3505,codrna,constantpredictor,test,8,binary,,acc,local,1.2.2,,2.1.4,2024+AC0-04+AC0-07T00:09:16,1,0.01,0.0002,1,663068392,ResultError: y contains previously unseen labels: '1.',,,,
openml.org/t/3505,codrna,constantpredictor,test,9,binary,,acc,local,1.2.2,,2.1.4,2024+AC0-04+AC0-07T00:09:17,1,0.01,0.0002,1,663068393,ResultError: y contains previously unseen labels: '1.',,,,
openml.org/t/225,RandomRBF+AF8-10+AF8-1E+AC0-3,constantpredictor,test,0,multiclass,0.30009,acc,local,1.2.2,,2.1.4,2024+AC0-04+AC0-07T00:10:52,1.8,0.3,0.0004,1,663068384,,0.30009,0.2,1.53915,
openml.org/t/225,RandomRBF+AF8-10+AF8-1E+AC0-3,constantpredictor,test,1,multiclass,0.3001,acc,local,1.2.2,,2.1.4,2024+AC0-04+AC0-07T00:10:55,2.3,0.3,0.0004,1,663068385,,0.3001,0.2,1.53915,
openml.org/t/225,RandomRBF+AF8-10+AF8-1E+AC0-3,constantpredictor,test,2,multiclass,0.3001,acc,local,1.2.2,,2.1.4,2024+AC0-04+AC0-07T00:10:57,2.2,0.3,0.0004,1,663068386,,0.3001,0.2,1.53915,
openml.org/t/225,RandomRBF+AF8-10+AF8-1E+AC0-3,constantpredictor,test,3,multiclass,0.3001,acc,local,1.2.2,,2.1.4,2024+AC0-04+AC0-07T00:11:00,2.3,0.4,0.0004,1,663068387,,0.3001,0.2,1.53915,
openml.org/t/225,RandomRBF+AF8-10+AF8-1E+AC0-3,constantpredictor,test,4,multiclass,0.3001,acc,local,1.2.2,,2.1.4,2024+AC0-04+AC0-07T00:11:03,2.8,0.3,0.0004,1,663068388,,0.3001,0.2,1.53915,
openml.org/t/225,RandomRBF+AF8-10+AF8-1E+AC0-3,constantpredictor,test,5,multiclass,0.3001,acc,local,1.2.2,,2.1.4,2024+AC0-04+AC0-07T00:11:06,2.3,0.3,0.0004,1,663068389,,0.3001,0.2,1.53915,
openml.org/t/225,RandomRBF+AF8-10+AF8-1E+AC0-3,constantpredictor,test,6,multiclass,0.3001,acc,local,1.2.2,,2.1.4,2024+AC0-04+AC0-07T00:11:09,2.7,0.3,0.0004,1,663068390,,0.3001,0.2,1.53915,
openml.org/t/225,RandomRBF+AF8-10+AF8-1E+AC0-3,constantpredictor,test,7,multiclass,0.30009,acc,local,1.2.2,,2.1.4,2024+AC0-04+AC0-07T00:11:11,2.2,0.3,0.0004,1,663068391,,0.30009,0.2,1.53915,
openml.org/t/225,RandomRBF+AF8-10+AF8-1E+AC0-3,constantpredictor,test,8,multiclass,0.30009,acc,local,1.2.2,,2.1.4,2024+AC0-04+AC0-07T00:11:14,2.4,0.3,0.0004,1,663068392,,0.30009,0.2,1.53915,
openml.org/t/225,RandomRBF+AF8-10+AF8-1E+AC0-3,constantpredictor,test,9,multiclass,0.30009,acc,local,1.2.2,,2.1.4,2024+AC0-04+AC0-07T00:11:17,2.4,0.3,0.0004,1,663068393,,0.30009,0.2,1.53915,
openml.org/t/2267,BNG+AF8-zoo+AF8-,constantpredictor,test,0,multiclass,0.3965,acc,local,1.2.2,,2.1.4,2024+AC0-04+AC0-06T21:39:34,2.2,0.3,0.0005,1,1946475593,,0.3965,,0.142857,1.67665
openml.org/t/2267,BNG+AF8-zoo+AF8-,constantpredictor,test,1,multiclass,0.3965,acc,local,1.2.2,,2.1.4,2024+AC0-04+AC0-06T21:39:37,2.3,0.3,0.0004,1,1946475594,,0.3965,,0.142857,1.67665
openml.org/t/2267,BNG+AF8-zoo+AF8-,constantpredictor,test,2,multiclass,0.39651,acc,local,1.2.2,,2.1.4,2024+AC0-04+AC0-06T21:39:40,2.2,0.3,0.0004,1,1946475595,,0.39651,,0.142857,1.67663
openml.org/t/2267,BNG+AF8-zoo+AF8-,constantpredictor,test,3,multiclass,0.39651,acc,local,1.2.2,,2.1.4,2024+AC0-04+AC0-06T21:39:42,2.3,0.3,0.0005,1,1946475596,,0.39651,,0.142857,1.67663
openml.org/t/2267,BNG+AF8-zoo+AF8-,constantpredictor,test,4,multiclass,0.39651,acc,local,1.2.2,,2.1.4,2024+AC0-04+AC0-06T21:39:45,2.8,0.3,0.0004,1,1946475597,,0.39651,,0.142857,1.67663
openml.org/t/2267,BNG+AF8-zoo+AF8-,constantpredictor,test,5,multiclass,0.39651,acc,local,1.2.2,,2.1.4,2024+AC0-04+AC0-06T21:39:48,2.4,0.3,0.0004,1,1946475598,,0.39651,,0.142857,1.67662
openml.org/t/2267,BNG+AF8-zoo+AF8-,constantpredictor,test,6,multiclass,0.3965,acc,local,1.2.2,,2.1.4,2024+AC0-04+AC0-06T21:39:51,2.4,0.3,0.0004,1,1946475599,,0.3965,,0.142857,1.67664
openml.org/t/2267,BNG+AF8-zoo+AF8-,constantpredictor,test,7,multiclass,0.3965,acc,local,1.2.2,,2.1.4,2024+AC0-04+AC0-06T21:39:54,2.3,0.3,0.0004,1,1946475600,,0.3965,,0.142857,1.67664
openml.org/t/2267,BNG+AF8-zoo+AF8-,constantpredictor,test,8,multiclass,0.3965,acc,local,1.2.2,,2.1.4,2024+AC0-04+AC0-06T21:39:56,2.4,0.3,0.0004,1,1946475601,,0.3965,,0.142857,1.67665
openml.org/t/2267,BNG+AF8-zoo+AF8-,constantpredictor,test,9,multiclass,0.3965,acc,local,1.2.2,,2.1.4,2024+AC0-04+AC0-06T21:39:59,2.4,0.3,0.0004,1,1946475602,,0.3965,,0.142857,1.67665
openml.org/t/2266,BNG+AF8-waveform+AC0-5000+AF8-,constantpredictor,test,0,multiclass,0.3384,acc,local,1.2.2,,2.1.4,2024+AC0-04+AC0-06T21:42:37,1.8,0.3,0.0004,1,1946475593,,0.3384,,0.333333,1.09855
openml.org/t/2266,BNG+AF8-waveform+AC0-5000+AF8-,constantpredictor,test,1,multiclass,0.3384,acc,local,1.2.2,,2.1.4,2024+AC0-04+AC0-06T21:42:44,6.8,0.3,0.0004,1,1946475594,,0.3384,,0.333333,1.09855
openml.org/t/2266,BNG+AF8-waveform+AC0-5000+AF8-,constantpredictor,test,2,multiclass,0.3384,acc,local,1.2.2,,2.1.4,2024+AC0-04+AC0-06T21:43:06,21,0.3,0.0004,1,1946475595,,0.3384,,0.333333,1.09855
openml.org/t/2266,BNG+AF8-waveform+AC0-5000+AF8-,constantpredictor,test,3,multiclass,0.3384,acc,local,1.2.2,,2.1.4,2024+AC0-04+AC0-06T21:43:36,29.5,0.3,0.0004,1,1946475596,,0.3384,,0.333333,1.09855
openml.org/t/2266,BNG+AF8-waveform+AC0-5000+AF8-,constantpredictor,test,4,multiclass,0.3384,acc,local,1.2.2,,2.1.4,2024+AC0-04+AC0-06T21:44:18,42,0.3,0.0004,1,1946475597,,0.3384,,0.333333,1.09855
openml.org/t/2266,BNG+AF8-waveform+AC0-5000+AF8-,constantpredictor,test,5,multiclass,0.3384,acc,local,1.2.2,,2.1.4,2024+AC0-04+AC0-06T21:44:40,21.4,0.3,0.0004,1,1946475598,,0.3384,,0.333333,1.09855
openml.org/t/2266,BNG+AF8-waveform+AC0-5000+AF8-,constantpredictor,test,6,multiclass,0.3384,acc,local,1.2.2,,2.1.4,2024+AC0-04+AC0-06T21:45:07,27.2,0.3,0.0004,1,1946475599,,0.3384,,0.333333,1.09855
openml.org/t/2266,BNG+AF8-waveform+AC0-5000+AF8-,constantpredictor,test,7,multiclass,0.3384,acc,local,1.2.2,,2.1.4,2024+AC0-04+AC0-06T21:45:13,5.9,0.3,0.0004,1,1946475600,,0.3384,,0.333333,1.09855
openml.org/t/2266,BNG+AF8-waveform+AC0-5000+AF8-,constantpredictor,test,8,multiclass,0.33841,acc,local,1.2.2,,2.1.4,2024+AC0-04+AC0-06T21:45:33,19.4,0.3,0.0004,1,1946475601,,0.33841,,0.333333,1.09855
openml.org/t/2266,BNG+AF8-waveform+AC0-5000+AF8-,constantpredictor,test,9,multiclass,0.33841,acc,local,1.2.2,,2.1.4,2024+AC0-04+AC0-06T21:45:54,20.1,0.3,0.0004,1,1946475602,,0.33841,,0.333333,1.09855
openml.org/t/2263,BNG+AF8-vehicle+AF8-,constantpredictor,test,0,multiclass,0.25755,acc,local,1.2.2,,2.1.4,2024+AC0-04+AC0-09T17:16:52,2.5,0.3,0.0004,1,759768721,,0.25755,0.25,1.38568,
openml.org/t/2263,BNG+AF8-vehicle+AF8-,constantpredictor,test,1,multiclass,0.25755,acc,local,1.2.2,,2.1.4,2024+AC0-04+AC0-09T17:16:56,3.4,0.3,0.0004,1,759768722,,0.25755,0.25,1.38568,
openml.org/t/2263,BNG+AF8-vehicle+AF8-,constantpredictor,test,2,multiclass,0.25755,acc,local,1.2.2,,2.1.4,2024+AC0-04+AC0-09T17:17:09,12.9,0.3,0.0004,1,759768723,,0.25755,0.25,1.38568,
openml.org/t/2263,BNG+AF8-vehicle+AF8-,constantpredictor,test,3,multiclass,0.25755,acc,local,1.2.2,,2.1.4,2024+AC0-04+AC0-09T17:17:13,3.2,0.3,0.0004,1,759768724,,0.25755,0.25,1.38568,
openml.org/t/2263,BNG+AF8-vehicle+AF8-,constantpredictor,test,4,multiclass,0.25755,acc,local,1.2.2,,2.1.4,2024+AC0-04+AC0-09T17:17:36,23,0.4,0.0005,1,759768725,,0.25755,0.25,1.38568,
openml.org/t/2263,BNG+AF8-vehicle+AF8-,constantpredictor,test,5,multiclass,0.25755,acc,local,1.2.2,,2.1.4,2024+AC0-04+AC0-09T17:17:40,3.3,0.4,0.0006,1,759768726,,0.25755,0.25,1.38568,
openml.org/t/2263,BNG+AF8-vehicle+AF8-,constantpredictor,test,6,multiclass,0.25754,acc,local,1.2.2,,2.1.4,2024+AC0-04+AC0-09T17:18:00,19.8,0.6,0.0005,1,759768727,,0.25754,0.25,1.38569,
openml.org/t/2263,BNG+AF8-vehicle+AF8-,constantpredictor,test,7,multiclass,0.25754,acc,local,1.2.2,,2.1.4,2024+AC0-04+AC0-09T17:18:05,4.6,0.3,0.0004,1,759768728,,0.25754,0.25,1.38569,
openml.org/t/2263,BNG+AF8-vehicle+AF8-,constantpredictor,test,8,multiclass,0.25754,acc,local,1.2.2,,2.1.4,2024+AC0-04+AC0-09T17:18:09,3.4,0.3,0.0006,1,759768729,,0.25754,0.25,1.38569,
openml.org/t/2263,BNG+AF8-vehicle+AF8-,constantpredictor,test,9,multiclass,0.25754,acc,local,1.2.2,,2.1.4,2024+AC0-04+AC0-09T17:18:13,3.6,0.3,0.0004,1,759768730,,0.25754,0.25,1.38569,
openml.org/t/2259,BNG+AF8-sonar+AF8-,constantpredictor,test,0,binary,0.53253,acc,local,1.2.2,,2.1.4,2024+AC0-04+AC0-06T21:46:29,34.5,0.3,0.0004,1,1946475593,,0.53253,0.5,0.5,0.691029
openml.org/t/2259,BNG+AF8-sonar+AF8-,constantpredictor,test,1,binary,0.53253,acc,local,1.2.2,,2.1.4,2024+AC0-04+AC0-06T21:47:20,51.1,0.3,0.0004,1,1946475594,,0.53253,0.5,0.5,0.691029
openml.org/t/2259,BNG+AF8-sonar+AF8-,constantpredictor,test,2,binary,0.53254,acc,local,1.2.2,,2.1.4,2024+AC0-04+AC0-06T21:47:39,18.5,0.3,0.0004,1,1946475595,,0.53254,0.5,0.5,0.691028
openml.org/t/2259,BNG+AF8-sonar+AF8-,constantpredictor,test,3,binary,0.53254,acc,local,1.2.2,,2.1.4,2024+AC0-04+AC0-06T21:48:24,45.2,0.3,0.0004,1,1946475596,,0.53254,0.5,0.5,0.691028
openml.org/t/2259,BNG+AF8-sonar+AF8-,constantpredictor,test,4,binary,0.53254,acc,local,1.2.2,,2.1.4,2024+AC0-04+AC0-06T21:48:43,18.2,0.3,0.0004,1,1946475597,,0.53254,0.5,0.5,0.691028
openml.org/t/2259,BNG+AF8-sonar+AF8-,constantpredictor,test,5,binary,0.53254,acc,local,1.2.2,,2.1.4,2024+AC0-04+AC0-06T21:49:31,48.3,0.3,0.0004,1,1946475598,,0.53254,0.5,0.5,0.691028
openml.org/t/2259,BNG+AF8-sonar+AF8-,constantpredictor,test,6,binary,0.53254,acc,local,1.2.2,,2.1.4,2024+AC0-04+AC0-06T21:49:42,10.4,0.3,0.0004,1,1946475599,,0.53254,0.5,0.5,0.691028
openml.org/t/2259,BNG+AF8-sonar+AF8-,constantpredictor,test,7,binary,0.53254,acc,local,1.2.2,,2.1.4,2024+AC0-04+AC0-06T21:50:15,32.7,0.3,0.0004,1,1946475600,,0.53254,0.5,0.5,0.691028
openml.org/t/2259,BNG+AF8-sonar+AF8-,constantpredictor,test,8,binary,0.53254,acc,local,1.2.2,,2.1.4,2024+AC0-04+AC0-06T21:50:47,31.9,0.3,0.0004,1,1946475601,,0.53254,0.5,0.5,0.691028
openml.org/t/2259,BNG+AF8-sonar+AF8-,constantpredictor,test,9,binary,0.53254,acc,local,1.2.2,,2.1.4,2024+AC0-04+AC0-06T21:51:13,25.6,0.3,0.0004,1,1946475602,,0.53254,0.5,0.5,0.691028
openml.org/t/156,BNG+AF8-segment+AF8-,constantpredictor,test,0,multiclass,0.14359,acc,local,1.2.2,,2.1.4,2024+AC0-04+AC0-09T16:40:49,2.6,0.3,0.0004,1,1249923746,,0.14359,0.142857,1.94591,
openml.org/t/156,BNG+AF8-segment+AF8-,constantpredictor,test,1,multiclass,0.14359,acc,local,1.2.2,,2.1.4,2024+AC0-04+AC0-09T16:40:52,2.3,0.3,0.0004,1,1249923747,,0.14359,0.142857,1.94591,
openml.org/t/156,BNG+AF8-segment+AF8-,constantpredictor,test,2,multiclass,0.14359,acc,local,1.2.2,,2.1.4,2024+AC0-04+AC0-09T16:40:54,2.4,0.3,0.0004,1,1249923748,,0.14359,0.142857,1.94591,
openml.org/t/156,BNG+AF8-segment+AF8-,constantpredictor,test,3,multiclass,0.14359,acc,local,1.2.2,,2.1.4,2024+AC0-04+AC0-09T16:40:57,2.3,0.3,0.0004,1,1249923749,,0.14359,0.142857,1.94591,
openml.org/t/156,BNG+AF8-segment+AF8-,constantpredictor,test,4,multiclass,0.14359,acc,local,1.2.2,,2.1.4,2024+AC0-04+AC0-09T16:41:00,2.6,0.3,0.0004,1,1249923750,,0.14359,0.142857,1.94591,
openml.org/t/156,BNG+AF8-segment+AF8-,constantpredictor,test,5,multiclass,0.14359,acc,local,1.2.2,,2.1.4,2024+AC0-04+AC0-09T16:41:03,2.4,0.3,0.0004,1,1249923751,,0.14359,0.142857,1.94591,
openml.org/t/156,BNG+AF8-segment+AF8-,constantpredictor,test,6,multiclass,0.14358,acc,local,1.2.2,,2.1.4,2024+AC0-04+AC0-09T16:41:06,2.6,0.3,0.0004,1,1249923752,,0.14358,0.142857,1.94591,
openml.org/t/156,BNG+AF8-segment+AF8-,constantpredictor,test,7,multiclass,0.14358,acc,local,1.2.2,,2.1.4,2024+AC0-04+AC0-09T16:41:09,2.4,0.3,0.0004,1,1249923753,,0.14358,0.142857,1.94591,
openml.org/t/156,BNG+AF8-segment+AF8-,constantpredictor,test,8,multiclass,0.14358,acc,local,1.2.2,,2.1.4,2024+AC0-04+AC0-09T16:41:11,2.5,0.3,0.0004,1,1249923754,,0.14358,0.142857,1.94591,
openml.org/t/156,BNG+AF8-segment+AF8-,constantpredictor,test,9,multiclass,0.14358,acc,local,1.2.2,,2.1.4,2024+AC0-04+AC0-09T16:41:14,2.6,0.3,0.0004,1,1249923755,,0.14358,0.142857,1.94591,
openml.org/t/149,BNG+AF8-optdigits+AF8-,constantpredictor,test,0,multiclass,0.10167,acc,local,1.2.2,,2.1.4,2024+AC0-04+AC0-06T22:33:12,3.5,0.3,0.0004,1,365372703,,0.10167,0.1,2.30253,
openml.org/t/149,BNG+AF8-optdigits+AF8-,constantpredictor,test,1,multiclass,0.10167,acc,local,1.2.2,,2.1.4,2024+AC0-04+AC0-06T22:33:17,3.9,0.3,0.0004,1,365372704,,0.10167,0.1,2.30253,
openml.org/t/149,BNG+AF8-optdigits+AF8-,constantpredictor,test,2,multiclass,0.10167,acc,local,1.2.2,,2.1.4,2024+AC0-04+AC0-06T22:33:21,3.8,0.3,0.0004,1,365372705,,0.10167,0.1,2.30253,
openml.org/t/149,BNG+AF8-optdigits+AF8-,constantpredictor,test,3,multiclass,0.10167,acc,local,1.2.2,,2.1.4,2024+AC0-04+AC0-06T22:33:25,3.8,0.3,0.0004,1,365372706,,0.10167,0.1,2.30253,
openml.org/t/149,BNG+AF8-optdigits+AF8-,constantpredictor,test,4,multiclass,0.10167,acc,local,1.2.2,,2.1.4,2024+AC0-04+AC0-06T22:33:29,3.8,0.3,0.0004,1,365372707,,0.10167,0.1,2.30253,
openml.org/t/149,BNG+AF8-optdigits+AF8-,constantpredictor,test,5,multiclass,0.10168,acc,local,1.2.2,,2.1.4,2024+AC0-04+AC0-06T22:33:33,3.9,0.3,0.0004,1,365372708,,0.10168,0.1,2.30253,
openml.org/t/149,BNG+AF8-optdigits+AF8-,constantpredictor,test,6,multiclass,0.10168,acc,local,1.2.2,,2.1.4,2024+AC0-04+AC0-06T22:33:38,4.4,0.3,0.0004,1,365372709,,0.10168,0.1,2.30253,
openml.org/t/149,BNG+AF8-optdigits+AF8-,constantpredictor,test,7,multiclass,0.10168,acc,local,1.2.2,,2.1.4,2024+AC0-04+AC0-06T22:33:43,4.9,0.3,0.0005,1,365372710,,0.10168,0.1,2.30253,
openml.org/t/149,BNG+AF8-optdigits+AF8-,constantpredictor,test,8,multiclass,0.10168,acc,local,1.2.2,,2.1.4,2024+AC0-04+AC0-06T22:33:53,9,0.3,0.0004,1,365372711,,0.10168,0.1,2.30253,
openml.org/t/149,BNG+AF8-optdigits+AF8-,constantpredictor,test,9,multiclass,0.10168,acc,local,1.2.2,,2.1.4,2024+AC0-04+AC0-06T22:33:59,5.6,0.3,0.0004,1,365372712,,0.10168,0.1,2.30253,
openml.org/t/2145,BNG+AF8-mfeat+AC0-zernike+AF8-,constantpredictor,test,0,multiclass,0.10029,acc,local,1.2.2,,2.1.4,2024+AC0-04+AC0-06T22:39:48,4.4,0.3,0.0004,1,897987184,,0.10029,0.1,2.30258,
openml.org/t/2145,BNG+AF8-mfeat+AC0-zernike+AF8-,constantpredictor,test,1,multiclass,0.10029,acc,local,1.2.2,,2.1.4,2024+AC0-04+AC0-06T22:39:56,7.4,0.3,0.0003,1,897987185,,0.10029,0.1,2.30258,
openml.org/t/2145,BNG+AF8-mfeat+AC0-zernike+AF8-,constantpredictor,test,2,multiclass,0.10029,acc,local,1.2.2,,2.1.4,2024+AC0-04+AC0-06T22:40:03,6.8,0.3,0.0004,1,897987186,,0.10029,0.1,2.30258,
openml.org/t/2145,BNG+AF8-mfeat+AC0-zernike+AF8-,constantpredictor,test,3,multiclass,0.10029,acc,local,1.2.2,,2.1.4,2024+AC0-04+AC0-06T22:40:29,24.9,0.3,0.0003,1,897987187,,0.10029,0.1,2.30258,
openml.org/t/2145,BNG+AF8-mfeat+AC0-zernike+AF8-,constantpredictor,test,4,multiclass,0.10029,acc,local,1.2.2,,2.1.4,2024+AC0-04+AC0-06T22:40:39,9.9,0.3,0.0003,1,897987188,,0.10029,0.1,2.30258,
openml.org/t/2145,BNG+AF8-mfeat+AC0-zernike+AF8-,constantpredictor,test,5,multiclass,0.10029,acc,local,1.2.2,,2.1.4,2024+AC0-04+AC0-06T22:40:59,19.7,0.3,0.0003,1,897987189,,0.10029,0.1,2.30258,
openml.org/t/2145,BNG+AF8-mfeat+AC0-zernike+AF8-,constantpredictor,test,6,multiclass,0.10029,acc,local,1.2.2,,2.1.4,2024+AC0-04+AC0-06T22:41:16,17,0.3,0.0003,1,897987190,,0.10029,0.1,2.30258,
openml.org/t/2145,BNG+AF8-mfeat+AC0-zernike+AF8-,constantpredictor,test,7,multiclass,0.10029,acc,local,1.2.2,,2.1.4,2024+AC0-04+AC0-06T22:41:26,9.3,0.3,0.0003,1,897987191,,0.10029,0.1,2.30258,
openml.org/t/2145,BNG+AF8-mfeat+AC0-zernike+AF8-,constantpredictor,test,8,multiclass,0.10029,acc,local,1.2.2,,2.1.4,2024+AC0-04+AC0-06T22:41:56,30.1,0.3,0.0003,1,897987192,,0.10029,0.1,2.30258,
openml.org/t/2145,BNG+AF8-mfeat+AC0-zernike+AF8-,constantpredictor,test,9,multiclass,0.10028,acc,local,1.2.2,,2.1.4,2024+AC0-04+AC0-06T22:42:30,33.2,0.3,0.0004,1,897987193,,0.10028,0.1,2.30258,
openml.org/t/2143,BNG+AF8-mfeat+AC0-karhunen+AF8-,constantpredictor,test,0,multiclass,0.10041,acc,local,1.2.2,,2.1.4,2024+AC0-04+AC0-06T22:45:38,3.6,0.3,0.0004,1,897987184,,0.10041,0.1,2.30258,
openml.org/t/2143,BNG+AF8-mfeat+AC0-karhunen+AF8-,constantpredictor,test,1,multiclass,0.10041,acc,local,1.2.2,,2.1.4,2024+AC0-04+AC0-06T22:46:03,23.7,0.3,0.0004,1,897987185,,0.10041,0.1,2.30258,
openml.org/t/2143,BNG+AF8-mfeat+AC0-karhunen+AF8-,constantpredictor,test,2,multiclass,0.10041,acc,local,1.2.2,,2.1.4,2024+AC0-04+AC0-06T22:46:55,52.4,0.3,0.0004,1,897987186,,0.10041,0.1,2.30258,
openml.org/t/2143,BNG+AF8-mfeat+AC0-karhunen+AF8-,constantpredictor,test,3,multiclass,0.10041,acc,local,1.2.2,,2.1.4,2024+AC0-04+AC0-06T22:47:16,20.8,0.3,0.0004,1,897987187,,0.10041,0.1,2.30258,
openml.org/t/2143,BNG+AF8-mfeat+AC0-karhunen+AF8-,constantpredictor,test,4,multiclass,0.10041,acc,local,1.2.2,,2.1.4,2024+AC0-04+AC0-06T22:47:47,30.3,0.3,0.0004,1,897987188,,0.10041,0.1,2.30258,
openml.org/t/2143,BNG+AF8-mfeat+AC0-karhunen+AF8-,constantpredictor,test,5,multiclass,0.10041,acc,local,1.2.2,,2.1.4,2024+AC0-04+AC0-06T22:48:22,34.5,0.3,0.0004,1,897987189,,0.10041,0.1,2.30258,
openml.org/t/2143,BNG+AF8-mfeat+AC0-karhunen+AF8-,constantpredictor,test,6,multiclass,0.10041,acc,local,1.2.2,,2.1.4,2024+AC0-04+AC0-06T22:48:57,34.5,0.3,0.0004,1,897987190,,0.10041,0.1,2.30258,
openml.org/t/2143,BNG+AF8-mfeat+AC0-karhunen+AF8-,constantpredictor,test,7,multiclass,0.10041,acc,local,1.2.2,,2.1.4,2024+AC0-04+AC0-06T22:49:23,25.9,0.3,0.0004,1,897987191,,0.10041,0.1,2.30258,
openml.org/t/2143,BNG+AF8-mfeat+AC0-karhunen+AF8-,constantpredictor,test,8,multiclass,0.10041,acc,local,1.2.2,,2.1.4,2024+AC0-04+AC0-06T22:50:09,45.8,0.3,0.0004,1,897987192,,0.10041,0.1,2.30258,
openml.org/t/2143,BNG+AF8-mfeat+AC0-karhunen+AF8-,constantpredictor,test,9,multiclass,0.10041,acc,local,1.2.2,,2.1.4,2024+AC0-04+AC0-06T22:50:19,9.7,0.3,0.0004,1,897987193,,0.10041,0.1,2.30258,
openml.org/t/2141,BNG+AF8-mfeat+AC0-fourier+AF8-,constantpredictor,test,0,multiclass,0.10051,acc,local,1.2.2,,2.1.4,2024+AC0-04+AC0-06T22:53:33,3.7,0.3,0.0003,1,897987184,,0.10051,0.1,2.30258,
openml.org/t/2141,BNG+AF8-mfeat+AC0-fourier+AF8-,constantpredictor,test,1,multiclass,0.10051,acc,local,1.2.2,,2.1.4,2024+AC0-04+AC0-06T22:54:33,60.1,0.3,0.0003,1,897987185,,0.10051,0.1,2.30258,
openml.org/t/2141,BNG+AF8-mfeat+AC0-fourier+AF8-,constantpredictor,test,2,multiclass,0.10051,acc,local,1.2.2,,2.1.4,2024+AC0-04+AC0-06T22:54:48,14.4,0.3,0.0003,1,897987186,,0.10051,0.1,2.30258,
openml.org/t/2141,BNG+AF8-mfeat+AC0-fourier+AF8-,constantpredictor,test,3,multiclass,0.10051,acc,local,1.2.2,,2.1.4,2024+AC0-04+AC0-06T22:55:45,56.8,0.3,0.0003,1,897987187,,0.10051,0.1,2.30258,
openml.org/t/2141,BNG+AF8-mfeat+AC0-fourier+AF8-,constantpredictor,test,4,multiclass,0.10051,acc,local,1.2.2,,2.1.4,2024+AC0-04+AC0-06T22:56:23,38.2,0.3,0.0003,1,897987188,,0.10051,0.1,2.30258,
openml.org/t/2141,BNG+AF8-mfeat+AC0-fourier+AF8-,constantpredictor,test,5,multiclass,0.10052,acc,local,1.2.2,,2.1.4,2024+AC0-04+AC0-06T22:57:06,42.4,0.3,0.0004,1,897987189,,0.10052,0.1,2.30258,
openml.org/t/2141,BNG+AF8-mfeat+AC0-fourier+AF8-,constantpredictor,test,6,multiclass,0.10052,acc,local,1.2.2,,2.1.4,2024+AC0-04+AC0-06T22:57:19,12.7,0.3,0.0003,1,897987190,,0.10052,0.1,2.30258,
openml.org/t/2141,BNG+AF8-mfeat+AC0-fourier+AF8-,constantpredictor,test,7,multiclass,0.10052,acc,local,1.2.2,,2.1.4,2024+AC0-04+AC0-06T22:57:58,38.6,0.3,0.0004,1,897987191,,0.10052,0.1,2.30258,
openml.org/t/2141,BNG+AF8-mfeat+AC0-fourier+AF8-,constantpredictor,test,8,multiclass,0.10052,acc,local,1.2.2,,2.1.4,2024+AC0-04+AC0-06T22:58:39,40.6,0.3,0.0003,1,897987192,,0.10052,0.1,2.30258,
openml.org/t/2141,BNG+AF8-mfeat+AC0-fourier+AF8-,constantpredictor,test,9,multiclass,0.10052,acc,local,1.2.2,,2.1.4,2024+AC0-04+AC0-06T22:59:15,35.4,0.3,0.0003,1,897987193,,0.10052,0.1,2.30258,
openml.org/t/2140,BNG+AF8-lymph+AF8-,constantpredictor,test,0,multiclass,0.54349,acc,local,1.2.2,,2.1.4,2024+AC0-04+AC0-06T23:00:45,1.8,0.3,0.0005,1,897987184,,0.54349,0.25,0.870724,
openml.org/t/2140,BNG+AF8-lymph+AF8-,constantpredictor,test,1,multiclass,0.54349,acc,local,1.2.2,,2.1.4,2024+AC0-04+AC0-06T23:00:48,2.8,0.3,0.0005,1,897987185,,0.54349,0.25,0.870724,
openml.org/t/2140,BNG+AF8-lymph+AF8-,constantpredictor,test,2,multiclass,0.5435,acc,local,1.2.2,,2.1.4,2024+AC0-04+AC0-06T23:00:51,1.9,0.3,0.0005,1,897987186,,0.5435,0.25,0.870727,
openml.org/t/2140,BNG+AF8-lymph+AF8-,constantpredictor,test,3,multiclass,0.5435,acc,local,1.2.2,,2.1.4,2024+AC0-04+AC0-06T23:00:53,2,0.3,0.0005,1,897987187,,0.5435,0.25,0.870727,
openml.org/t/2140,BNG+AF8-lymph+AF8-,constantpredictor,test,4,multiclass,0.5435,acc,local,1.2.2,,2.1.4,2024+AC0-04+AC0-06T23:00:55,2,0.3,0.0005,1,897987188,,0.5435,0.25,0.870727,
openml.org/t/2140,BNG+AF8-lymph+AF8-,constantpredictor,test,5,multiclass,0.5435,acc,local,1.2.2,,2.1.4,2024+AC0-04+AC0-06T23:00:58,2,0.3,0.0005,1,897987189,,0.5435,0.25,0.870727,
openml.org/t/2140,BNG+AF8-lymph+AF8-,constantpredictor,test,6,multiclass,0.5435,acc,local,1.2.2,,2.1.4,2024+AC0-04+AC0-06T23:01:01,2.6,0.3,0.0005,1,897987190,,0.5435,0.25,0.870727,
openml.org/t/2140,BNG+AF8-lymph+AF8-,constantpredictor,test,7,multiclass,0.54349,acc,local,1.2.2,,2.1.4,2024+AC0-04+AC0-06T23:01:03,1.9,0.3,0.0005,1,897987191,,0.54349,0.25,0.870756,
openml.org/t/2140,BNG+AF8-lymph+AF8-,constantpredictor,test,8,multiclass,0.54349,acc,local,1.2.2,,2.1.4,2024+AC0-04+AC0-06T23:01:05,2,0.3,0.0005,1,897987192,,0.54349,0.25,0.870756,
openml.org/t/2140,BNG+AF8-lymph+AF8-,constantpredictor,test,9,multiclass,0.54349,acc,local,1.2.2,,2.1.4,2024+AC0-04+AC0-06T23:01:08,2.3,0.3,0.0005,1,897987193,,0.54349,0.25,0.870756,
openml.org/t/134,BNG+AF8-kr+AC0-vs+AC0-kp+AF8-,constantpredictor,test,0,binary,0.52187,acc,local,1.2.2,,2.1.4,2024+AC0-04+AC0-09T16:55:01,1.8,0.3,0.0004,1,258651288,,0.52187,0.5,0.5,0.69219
openml.org/t/134,BNG+AF8-kr+AC0-vs+AC0-kp+AF8-,constantpredictor,test,1,binary,0.52187,acc,local,1.2.2,,2.1.4,2024+AC0-04+AC0-09T16:55:03,2,0.3,0.0004,1,258651289,,0.52187,0.5,0.5,0.69219
openml.org/t/134,BNG+AF8-kr+AC0-vs+AC0-kp+AF8-,constantpredictor,test,2,binary,0.52187,acc,local,1.2.2,,2.1.4,2024+AC0-04+AC0-09T16:55:05,2,0.3,0.0004,1,258651290,,0.52187,0.5,0.5,0.69219
openml.org/t/134,BNG+AF8-kr+AC0-vs+AC0-kp+AF8-,constantpredictor,test,3,binary,0.52187,acc,local,1.2.2,,2.1.4,2024+AC0-04+AC0-09T16:55:07,2,0.3,0.0004,1,258651291,,0.52187,0.5,0.5,0.69219
openml.org/t/134,BNG+AF8-kr+AC0-vs+AC0-kp+AF8-,constantpredictor,test,4,binary,0.52187,acc,local,1.2.2,,2.1.4,2024+AC0-04+AC0-09T16:55:10,2,0.3,0.0004,1,258651292,,0.52187,0.5,0.5,0.69219
openml.org/t/134,BNG+AF8-kr+AC0-vs+AC0-kp+AF8-,constantpredictor,test,5,binary,0.52188,acc,local,1.2.2,,2.1.4,2024+AC0-04+AC0-09T16:55:12,1.9,0.3,0.0004,1,258651293,,0.52188,0.5,0.5,0.692189
openml.org/t/134,BNG+AF8-kr+AC0-vs+AC0-kp+AF8-,constantpredictor,test,6,binary,0.52188,acc,local,1.2.2,,2.1.4,2024+AC0-04+AC0-09T16:55:14,2,0.3,0.0004,1,258651294,,0.52188,0.5,0.5,0.692189
openml.org/t/134,BNG+AF8-kr+AC0-vs+AC0-kp+AF8-,constantpredictor,test,7,binary,0.52188,acc,local,1.2.2,,2.1.4,2024+AC0-04+AC0-09T16:55:17,2,0.3,0.0004,1,258651295,,0.52188,0.5,0.5,0.692189
openml.org/t/134,BNG+AF8-kr+AC0-vs+AC0-kp+AF8-,constantpredictor,test,8,binary,0.52188,acc,local,1.2.2,,2.1.4,2024+AC0-04+AC0-09T16:55:19,1.9,0.3,0.0004,1,258651296,,0.52188,0.5,0.5,0.692189
openml.org/t/134,BNG+AF8-kr+AC0-vs+AC0-kp+AF8-,constantpredictor,test,9,binary,0.52188,acc,local,1.2.2,,2.1.4,2024+AC0-04+AC0-09T16:55:22,2.1,0.3,0.0004,1,258651297,,0.52188,0.5,0.5,0.692189
openml.org/t/215,BNG+AF8-ionosphere+AF8-,constantpredictor,test,0,binary,0.64103,acc,local,1.2.2,,2.1.4,2024+AC0-01+AC0-02T15:29:46,1.8,0.3,0.0004,1,1943492794,,0.64103,0.5,0.5,0.652823
openml.org/t/215,BNG+AF8-ionosphere+AF8-,constantpredictor,test,1,binary,0.64103,acc,local,1.2.2,,2.1.4,2024+AC0-01+AC0-02T15:29:48,1.8,0.3,0.0005,1,1943492795,,0.64103,0.5,0.5,0.652823
openml.org/t/215,BNG+AF8-ionosphere+AF8-,constantpredictor,test,2,binary,0.64103,acc,local,1.2.2,,2.1.4,2024+AC0-01+AC0-02T15:29:50,1.9,0.3,0.0004,1,1943492796,,0.64103,0.5,0.5,0.652823
openml.org/t/215,BNG+AF8-ionosphere+AF8-,constantpredictor,test,3,binary,0.64103,acc,local,1.2.2,,2.1.4,2024+AC0-01+AC0-02T15:29:53,2,0.3,0.0004,1,1943492797,,0.64103,0.5,0.5,0.652823
openml.org/t/215,BNG+AF8-ionosphere+AF8-,constantpredictor,test,4,binary,0.64103,acc,local,1.2.2,,2.1.4,2024+AC0-01+AC0-02T15:29:55,1.9,0.3,0.0004,1,1943492798,,0.64103,0.5,0.5,0.652823
openml.org/t/215,BNG+AF8-ionosphere+AF8-,constantpredictor,test,5,binary,0.64102,acc,local,1.2.2,,2.1.4,2024+AC0-01+AC0-02T15:29:57,1.9,0.3,0.0004,1,1943492799,,0.64102,0.5,0.5,0.652829
openml.org/t/215,BNG+AF8-ionosphere+AF8-,constantpredictor,test,6,binary,0.64102,acc,local,1.2.2,,2.1.4,2024+AC0-01+AC0-02T15:29:59,1.9,0.3,0.0004,1,1943492800,,0.64102,0.5,0.5,0.652829
openml.org/t/215,BNG+AF8-ionosphere+AF8-,constantpredictor,test,7,binary,0.64102,acc,local,1.2.2,,2.1.4,2024+AC0-01+AC0-02T15:30:01,1.8,0.3,0.0004,1,1943492801,,0.64102,0.5,0.5,0.652829
openml.org/t/215,BNG+AF8-ionosphere+AF8-,constantpredictor,test,8,binary,0.64102,acc,local,1.2.2,,2.1.4,2024+AC0-01+AC0-02T15:30:03,1.8,0.3,0.0004,1,1943492802,,0.64102,0.5,0.5,0.652829
openml.org/t/215,BNG+AF8-ionosphere+AF8-,constantpredictor,test,9,binary,0.64102,acc,local,1.2.2,,2.1.4,2024+AC0-01+AC0-02T15:30:05,1.8,0.3,0.0004,1,1943492803,,0.64102,0.5,0.5,0.652829
openml.org/t/2260,BNG+AF8-glass+AF8-,constantpredictor,test,0,multiclass,0.354017,acc,local,1.2.2,,2.1.4,2024+AC0-04+AC0-06T23:03:12,0.3,0.04,0.0001,1,897987184,,0.354017,0.142857,1.52706,
openml.org/t/2260,BNG+AF8-glass+AF8-,constantpredictor,test,1,multiclass,0.354043,acc,local,1.2.2,,2.1.4,2024+AC0-04+AC0-06T23:03:13,0.7,0.03,0.0001,1,897987185,,0.354043,0.142857,1.52673,
openml.org/t/2260,BNG+AF8-glass+AF8-,constantpredictor,test,2,multiclass,0.354043,acc,local,1.2.2,,2.1.4,2024+AC0-04+AC0-06T23:03:13,0.3,0.03,0.0001,1,897987186,,0.354043,0.142857,1.52673,
openml.org/t/2260,BNG+AF8-glass+AF8-,constantpredictor,test,3,multiclass,0.354043,acc,local,1.2.2,,2.1.4,2024+AC0-04+AC0-06T23:03:14,0.8,0.04,0.0001,1,897987187,,0.354043,0.142857,1.52679,
openml.org/t/2260,BNG+AF8-glass+AF8-,constantpredictor,test,4,multiclass,0.35397,acc,local,1.2.2,,2.1.4,2024+AC0-04+AC0-06T23:03:15,0.3,0.04,0.0001,1,897987188,,0.35397,0.142857,1.5268,
openml.org/t/2260,BNG+AF8-glass+AF8-,constantpredictor,test,5,multiclass,0.35397,acc,local,1.2.2,,2.1.4,2024+AC0-04+AC0-06T23:03:16,0.8,0.04,0.0001,1,897987189,,0.35397,0.142857,1.5268,
openml.org/t/2260,BNG+AF8-glass+AF8-,constantpredictor,test,6,multiclass,0.35397,acc,local,1.2.2,,2.1.4,2024+AC0-04+AC0-06T23:03:16,0.3,0.03,0.0001,1,897987190,,0.35397,0.142857,1.52684,
openml.org/t/2260,BNG+AF8-glass+AF8-,constantpredictor,test,7,multiclass,0.35397,acc,local,1.2.2,,2.1.4,2024+AC0-04+AC0-06T23:03:17,0.3,0.04,0.0001,1,897987191,,0.35397,0.142857,1.52684,
openml.org/t/2260,BNG+AF8-glass+AF8-,constantpredictor,test,8,multiclass,0.35397,acc,local,1.2.2,,2.1.4,2024+AC0-04+AC0-06T23:03:17,0.3,0.04,0.0001,1,897987192,,0.35397,0.142857,1.52708,
openml.org/t/2260,BNG+AF8-glass+AF8-,constantpredictor,test,9,multiclass,0.35397,acc,local,1.2.2,,2.1.4,2024+AC0-04+AC0-06T23:03:17,0.3,0.04,0.0001,1,897987193,,0.35397,0.142857,1.52708,
